id,period,subregion,obs,area_sqm,croplands_ndvi_min,croplands_ndvi_mean,croplands_ndvi_median,croplands_ndvi_max,croplands_ndvi_stddev,duration_image,duration_vector,duration_values,duration_total
1,1988,Kerewan,14,4173742,-0.1832,0.1647,0.1899,0.479,0.1293,0:00:11.622132,0:00:23.373308,0:00:18.683619,0:00:53.679324
2,1988,Kerewan,14,118734,0.0648,0.1041,0.0768,0.2369,0.0685,0:00:04.585177,0:00:11.646831,0:00:17.329103,0:00:33.561615
3,1988,Kerewan,14,0,-999,-999,-999,-999,-999,0:00:04.739362,0,0:00:00.000007,0:00:08.573718
4,1988,Kerewan,14,15200067,-0.0031,0.3117,0.3261,0.4417,0.0538,0:00:07.529034,0:00:17.290476,0:00:18.660122,0:00:43.479910
5,1988,Kerewan,14,471585,-0.1072,0.1489,0.1941,0.2892,0.0942,0:00:06.216005,0:00:13.039763,0:00:16.331342,0:00:35.587490
6,1988,Kerewan,14,19764223,-0.1732,0.2846,0.3028,0.44,0.082,0:00:09.588686,0:00:19.440234,0:00:17.327851,0:00:46.357457
7,1988,Kerewan,14,1537272,0.261,0.3613,0.3629,0.4148,0.0276,0:00:05.435306,0:00:09.937892,0:00:15.810282,0:00:31.183705
