id,period,subregion,obs,area_sqm,croplands_ndvi_min,croplands_ndvi_mean,croplands_ndvi_median,croplands_ndvi_max,croplands_ndvi_stddev,duration_image,duration_vector,duration_values,duration_total
1,1995,Kerewan,10,45577913,0.1046,0.2737,0.2676,0.4624,0.0553,0:00:12.284120,0:00:24.885160,0:00:19.044022,0:00:56.214517
2,1995,Kerewan,10,9057821,0.1013,0.2344,0.2354,0.3705,0.0472,0:00:04.180130,0:00:11.262282,0:00:16.473792,0:00:31.916541
3,1995,Kerewan,10,0,-999,-999,-999,-999,-999,0:00:04.169528,0,0:00:00.000021,0:00:07.709227
4,1995,Kerewan,10,85169766,-0.1801,0.14,0.17,0.3316,0.1011,0:00:07.254886,0:00:18.083999,0:00:21.173298,0:00:46.512408
5,1995,Kerewan,10,11294226,0.1211,0.2686,0.2626,0.4171,0.0486,0:00:05.662270,0:00:13.889975,0:00:17.709626,0:00:37.262142
6,1995,Kerewan,10,106516201,0.0988,0.2297,0.2276,0.4004,0.0374,0:00:09.192023,0:00:19.059388,0:00:30.305561,0:00:58.557359
7,1995,Kerewan,10,6512988,0.1283,0.1907,0.1909,0.28,0.017,0:00:05.189900,0:00:09.625947,0:00:17.431470,0:00:32.248202
