id,period,subregion,obs,area_sqm,croplands_ndvi_min,croplands_ndvi_mean,croplands_ndvi_median,croplands_ndvi_max,croplands_ndvi_stddev,duration_image,duration_vector,duration_values,duration_total
1,1989,Kerewan,12,52404,0.2875,0.3362,0.3192,0.454,0.0584,0:00:09.709499,0:00:21.548028,0:00:15.622082,0:00:46.881356
2,1989,Kerewan,12,11348,0.3868,0.3694,0.3939,0.399,0.0061,0:00:04.177157,0:00:10.436396,0:00:15.602298,0:00:30.216486
3,1989,Kerewan,12,0,-999,-999,-999,-999,-999,0:00:04.364954,0,0:00:00.000005,0:00:07.861820
4,1989,Kerewan,12,642629,-0.0707,0.2197,0.2123,0.3861,0.089,0:00:07.042296,0:00:17.712450,0:00:16.778685,0:00:41.533653
5,1989,Kerewan,12,134471,0.2092,0.2769,0.268,0.3755,0.0489,0:00:05.490033,0:00:14.413683,0:00:15.986397,0:00:35.890344
6,1989,Kerewan,12,363203,0.0524,0.2431,0.2364,0.3973,0.0694,0:00:08.147120,0:00:21.047704,0:00:17.762609,0:00:46.957721
7,1989,Kerewan,12,231340,0.1548,0.2116,0.2041,0.261,0.0295,0:00:04.184841,0:00:09.765925,0:00:15.519366,0:00:29.470721
