id,period,subregion,obs,area_sqm,croplands_ndvi_min,croplands_ndvi_mean,croplands_ndvi_median,croplands_ndvi_max,croplands_ndvi_stddev,duration_image,duration_vector,duration_values,duration_total
1,1987,Kerewan,20,124922,-0.0118,0.2298,0.2395,0.2892,0.0774,0:00:10.232314,0:00:22.811188,0:00:16.758190,0:00:49.801914
2,1987,Kerewan,20,4364,0.2702,0.284,0.2822,0.2822,0.006,0:00:04.223318,0:00:10.035911,0:00:16.536607,0:00:30.796009
3,1987,Kerewan,20,0,-999,-999,-999,-999,-999,0:00:04.562502,0,0:00:00.000007,0:00:08.306285
4,1987,Kerewan,20,563067,0.2035,0.3013,0.3061,0.3427,0.03,0:00:09.332168,0:00:18.076312,0:00:17.566136,0:00:44.974998
5,1987,Kerewan,20,28823,-0.034,0.1626,0.2157,0.2426,0.1383,0:00:05.838211,0:00:15.269025,0:00:17.262598,0:00:38.370233
6,1987,Kerewan,20,539527,-0.0502,0.225,0.2217,0.2972,0.0649,0:00:10.216752,0:00:19.655395,0:00:16.925192,0:00:46.797919
7,1987,Kerewan,20,0,-999,-999,-999,-999,-999,0:00:04.646798,0,0:00:00.000005,0:00:08.178582
