id,period,subregion,obs,area_sqm,croplands_ndvi_min,croplands_ndvi_mean,croplands_ndvi_median,croplands_ndvi_max,croplands_ndvi_stddev,duration_image,duration_vector,duration_values,duration_total
1,1991,Kerewan,2,842746,0.161,0.19,0.1899,0.2217,0.0126,0:00:05.336138,0:00:11.839710,0:00:17.130695,0:00:34.306995
2,1991,Kerewan,2,0,-999,-999,-999,-999,-999,0:00:04.164735,0,0:00:00.000008,0:00:07.382842
3,1991,Kerewan,2,0,-999,-999,-999,-999,-999,0:00:03.945113,0,0:00:00.000006,0:00:07.154306
4,1991,Kerewan,2,9806043,0.1377,0.225,0.2232,0.2755,0.0162,0:00:06.744863,0:00:17.371204,0:00:17.011648,0:00:41.127966
5,1991,Kerewan,2,1406866,0.1539,0.2062,0.1988,0.3279,0.0275,0:00:04.965972,0:00:12.612940,0:00:16.827722,0:00:34.406962
6,1991,Kerewan,2,29076643,0.1522,0.2413,0.2397,0.3409,0.0234,0:00:08.024725,0:00:17.485408,0:00:17.879858,0:00:43.390349
7,1991,Kerewan,2,1162700,0.1934,0.234,0.2358,0.2679,0.0178,0:00:04.732311,0:00:09.914757,0:00:16.343412,0:00:30.991293
