id,period,subregion,obs,area_sqm,croplands_ndvi_min,croplands_ndvi_mean,croplands_ndvi_median,croplands_ndvi_max,croplands_ndvi_stddev,duration_image,duration_vector,duration_values,duration_total
1,1990,Kerewan,22,2003869,-0.0421,0.3044,0.3221,0.3854,0.0647,0:00:11.709690,0:00:24.792499,0:00:16.491698,0:00:52.995647
2,1990,Kerewan,22,362292,0.2683,0.3498,0.3492,0.3887,0.0247,0:00:04.234452,0:00:10.321548,0:00:15.489422,0:00:30.045613
3,1990,Kerewan,22,0,-999,-999,-999,-999,-999,0:00:04.379302,0,0:00:00.000005,0:00:08.133577
4,1990,Kerewan,22,5549764,0.101,0.2091,0.2193,0.3003,0.034,0:00:08.726785,0:00:16.377827,0:00:16.314139,0:00:41.419025
5,1990,Kerewan,22,377263,0.2203,0.3106,0.3212,0.3887,0.047,0:00:06.380865,0:00:12.679980,0:00:16.040161,0:00:35.101191
6,1990,Kerewan,22,3245914,0.1482,0.2655,0.2469,0.3987,0.0544,0:00:09.979006,0:00:19.131699,0:00:15.759087,0:00:44.870002
7,1990,Kerewan,22,1250909,0.1423,0.1734,0.1725,0.2091,0.0122,0:00:05.482645,0:00:09.169637,0:00:15.509297,0:00:30.162103
