id,period,subregion,obs,area_sqm,croplands_ndvi_min,croplands_ndvi_mean,croplands_ndvi_median,croplands_ndvi_max,croplands_ndvi_stddev,duration_image,duration_vector,duration_values,duration_total
1,1986,Kerewan,15,113965296,0.132,0.2512,0.2491,0.4538,0.0234,0:00:12.980304,0:00:09.564992,0:00:18.166395,0:00:40.713054
2,1986,Kerewan,15,12204031,0.005,0.2241,0.2432,0.3437,0.0675,0:00:05.108724,0:00:08.944966,0:00:15.164608,0:00:29.218484
3,1986,Kerewan,15,0,-999,-999,-999,-999,-999,0:00:04.459254,0,0:00:00.000005,0:00:06.973804
4,1986,Kerewan,15,83176558,0.0072,0.204,0.2042,0.3182,0.0236,0:00:08.711475,0:00:09.398667,0:00:17.087615,0:00:35.198055
5,1986,Kerewan,15,24704929,0.1562,0.2393,0.2393,0.3974,0.0213,0:00:09.492093,0:00:10.688936,0:00:15.969181,0:00:36.150410
6,1986,Kerewan,15,110859932,-0.0119,0.206,0.2237,0.3445,0.0618,0:00:09.475415,0:00:09.726202,0:00:17.348198,0:00:36.550102
7,1986,Kerewan,15,6530442,0.1418,0.1985,0.1985,0.2604,0.0172,0:00:04.127826,0:00:08.405945,0:00:15.437589,0:00:27.971535
