id,period,subregion,obs,area_sqm,croplands_ndvi_min,croplands_ndvi_mean,croplands_ndvi_median,croplands_ndvi_max,croplands_ndvi_stddev,duration_image,duration_vector,duration_values,duration_total
1,1998,Kerewan,9,143222123,0.1558,0.2144,0.2139,0.3377,0.0201,0:00:11.059860,0:00:22.587942,0:00:21.726426,0:00:55.374498
2,1998,Kerewan,9,17839438,0.1673,0.1986,0.1988,0.2903,0.0135,0:00:04.226252,0:00:10.312994,0:00:16.155556,0:00:30.695047
3,1998,Kerewan,9,0,-999,-999,-999,-999,-999,0:00:04.576331,0,0:00:00.000005,0:00:08.253059
4,1998,Kerewan,9,96827204,0.1153,0.1873,0.186,0.2978,0.0166,0:00:07.742216,0:00:16.548500,0:00:17.928483,0:00:42.219401
5,1998,Kerewan,9,24585551,0.1722,0.2091,0.2085,0.2942,0.0151,0:00:07.151422,0:00:14.924601,0:00:16.539174,0:00:38.615410
6,1998,Kerewan,9,155052802,0.1329,0.2035,0.2036,0.2917,0.017,0:00:07.850867,0:00:19.273328,0:00:17.581908,0:00:44.706340
7,1998,Kerewan,9,6529591,0.1477,0.1778,0.1775,0.2149,0.0122,0:00:04.324575,0:00:09.779099,0:00:17.099933,0:00:31.203817
