id,period,subregion,obs,area_sqm,croplands_ndvi_min,croplands_ndvi_mean,croplands_ndvi_median,croplands_ndvi_max,croplands_ndvi_stddev,duration_image,duration_vector,duration_values,duration_total
1,1994,Kerewan,8,140532359,0.1428,0.2215,0.2178,0.3986,0.0244,0:00:10.941698,0:00:26.295315,0:00:26.546609,0:01:03.784091
2,1994,Kerewan,8,15135952,0.1588,0.2036,0.1976,0.3215,0.0231,0:00:04.171911,0:00:10.818579,0:00:18.364458,0:00:33.355222
3,1994,Kerewan,8,874,-999,0.192,0.211,-999,-999,0:00:04.477599,0:00:10.165586,0:00:16.312078,0:00:30.955475
4,1994,Kerewan,8,107765311,0.1342,0.2047,0.2002,0.3556,0.0237,0:00:08.005025,0:00:15.717452,0:00:18.058326,0:00:41.781005
5,1994,Kerewan,8,28433604,0.1577,0.2208,0.2178,0.3502,0.0217,0:00:05.662156,0:00:13.517267,0:00:17.681376,0:00:36.861127
6,1994,Kerewan,8,156378610,0.1212,0.2213,0.2178,0.3514,0.023,0:00:08.358737,0:00:20.919030,0:00:17.176257,0:00:46.454303
7,1994,Kerewan,8,6706825,0.176,0.2091,0.2074,0.3189,0.0181,0:00:04.051130,0:00:09.791366,0:00:15.688758,0:00:29.531657
