id,period,subregion,obs,area_sqm,croplands_ndvi_min,croplands_ndvi_mean,croplands_ndvi_median,croplands_ndvi_max,croplands_ndvi_stddev,duration_image,duration_vector,duration_values,duration_total
1,1996,Kerewan,2,0,-999,-999,-999,-999,-999,0:00:05.196975,0,0:00:00.000006,0:00:08.156657
2,1996,Kerewan,2,0,-999,-999,-999,-999,-999,0:00:03.895847,0,0:00:00.000007,0:00:06.812559
3,1996,Kerewan,2,0,-999,-999,-999,-999,-999,0:00:04.052806,0,0:00:00.000007,0:00:06.878460
4,1996,Kerewan,2,92070099,0.0729,0.2202,0.2178,0.3609,0.0226,0:00:07.334994,0:00:09.857836,0:00:18.631592,0:00:35.824771
5,1996,Kerewan,2,91719,0.2288,0.2527,0.2493,0.2783,0.0166,0:00:04.835627,0:00:10.300662,0:00:15.995152,0:00:31.131692
6,1996,Kerewan,2,94906816,0.0504,0.241,0.2392,0.4123,0.0291,0:00:07.290488,0:00:09.894587,0:00:17.688429,0:00:34.873800
7,1996,Kerewan,2,6643968,0.1483,0.2231,0.2221,0.3219,0.0171,0:00:04.054862,0:00:09.610697,0:00:16.743163,0:00:30.409116
